{
    "g": {
        "intercept": 21.85549759080228,
        "coefficients": [
            -1.3223813661413708,
            0.004604197756255843,
            -0.0009436544200569193,
            -0.43493855432190626
        ],
        "medians": [
            0.47970808937777,
            89.47,
            4.964374448521994,
            2.1003282
        ],
        "scatter": 0.35448884783313134,
        "n_used": 28240,
        "n_total": 29634,
        "exptime": 100,
        "filter": "g"
    },
    "i": {
        "intercept": 20.145163842396638,
        "coefficients": [
            -0.42443042258115193,
            0.0020055486698698074,
            -0.0021164291580307486,
            -0.3944527851790972
        ],
        "medians": [
            0.4305202856120373,
            91.78,
            5.052406576811336,
            2.41254216
        ],
        "scatter": 0.20644221758681938,
        "n_used": 23563,
        "n_total": 25071,
        "exptime": 100,
        "filter": "i"
    },
    "m400": {
        "intercept": 19.979572526631806,
        "coefficients": [
            -1.3193765875997379,
            0.005170196504271012,
            0.005172523804176642,
            -0.3351971917659407
        ],
        "medians": [
            0.48753667940211276,
            89.35499999999999,
            4.998098718555411,
            2.70743022
        ],
        "scatter": 0.37658555308007535,
        "n_used": 26449,
        "n_total": 27350,
        "exptime": 100,
        "filter": "m400"
    },
    "m425": {
        "intercept": 20.48052388435865,
        "coefficients": [
            -1.4365723888768496,
            0.005034738277574954,
            0.0024268836337967194,
            -0.36581910633993614
        ],
        "medians": [
            0.4973201575794801,
            89.26,
            4.98464828133001,
            2.27611908
        ],
        "scatter": 0.37492728285796406,
        "n_used": 26013,
        "n_total": 27012,
        "exptime": 100,
        "filter": "m425"
    },
    "m450": {
        "intercept": 20.660591908284534,
        "coefficients": [
            -1.3420846721867448,
            0.004893250884103122,
            0.00042310287258031347,
            -0.3912612461048228
        ],
        "medians": [
            0.5213527682093545,
            88.99,
            4.916657977213617,
            2.35682568
        ],
        "scatter": 0.3529246866975002,
        "n_used": 24501,
        "n_total": 25749,
        "exptime": 100,
        "filter": "m450"
    },
    "m475": {
        "intercept": 20.83780775521157,
        "coefficients": [
            -1.3811603942953203,
            0.004395730483634223,
            0.0008306441044084632,
            -0.4308578071598156
        ],
        "medians": [
            0.5167533602425832,
            89.22,
            4.935164889728185,
            2.25202644
        ],
        "scatter": 0.332349247711867,
        "n_used": 23819,
        "n_total": 25275,
        "exptime": 100,
        "filter": "m475"
    },
    "m500": {
        "intercept": 20.657759540688495,
        "coefficients": [
            -1.3405227502682093,
            0.004768234289282497,
            0.0012532522253030035,
            -0.35935654786897364
        ],
        "medians": [
            0.4811283422428513,
            89.195,
            4.947538191627245,
            2.81216808
        ],
        "scatter": 0.3602140494755678,
        "n_used": 25060,
        "n_total": 26157,
        "exptime": 100,
        "filter": "m500"
    },
    "m525": {
        "intercept": 20.319046201541514,
        "coefficients": [
            -1.2130019104185306,
            0.004114552874745925,
            0.00018131067175461348,
            -0.25638968568172177
        ],
        "medians": [
            0.4907108766326933,
            89.08,
            4.944559356663376,
            2.6693964
        ],
        "scatter": 0.32839503534572695,
        "n_used": 24725,
        "n_total": 25979,
        "exptime": 100,
        "filter": "m525"
    },
    "m550": {
        "intercept": 20.127651277659634,
        "coefficients": [
            -0.8465425720680461,
            0.003112222628490518,
            -0.0023676376612010064,
            -0.3147786009195374
        ],
        "medians": [
            0.4865103532974969,
            89.05,
            4.953945340152131,
            2.70011196
        ],
        "scatter": 0.28993660899064494,
        "n_used": 25954,
        "n_total": 27166,
        "exptime": 100,
        "filter": "m550"
    },
    "m575": {
        "intercept": 20.108210629509397,
        "coefficients": [
            -1.0174457277914053,
            0.0032253906324461357,
            -0.00045473429134151253,
            -0.2609233567214889
        ],
        "medians": [
            0.47607158667779237,
            89.36,
            4.973609228502028,
            2.82760974
        ],
        "scatter": 0.30248035552058145,
        "n_used": 25988,
        "n_total": 27285,
        "exptime": 100,
        "filter": "m575"
    },
    "m600": {
        "intercept": 20.06766873668727,
        "coefficients": [
            -0.8592782027770556,
            0.00300115792552586,
            -0.001150738641557162,
            -0.3286539890523482
        ],
        "medians": [
            0.4744311976848697,
            89.88,
            4.964087946864311,
            2.82462336
        ],
        "scatter": 0.29724839818598536,
        "n_used": 25981,
        "n_total": 27177,
        "exptime": 100,
        "filter": "m600"
    },
    "m625": {
        "intercept": 19.86241251549654,
        "coefficients": [
            -0.7417552074250539,
            0.002793836066054786,
            0.0027406315645917704,
            -0.34560862971966855
        ],
        "medians": [
            0.4777154749851158,
            89.73,
            4.967986892850604,
            2.6523496800000004
        ],
        "scatter": 0.2764173721220096,
        "n_used": 25691,
        "n_total": 26882,
        "exptime": 100,
        "filter": "m625"
    },
    "m650": {
        "intercept": 19.808487261750525,
        "coefficients": [
            -0.7699284983123249,
            0.002797365611436086,
            -0.0013709104158548425,
            -0.28896678094814054
        ],
        "medians": [
            0.48670558383276086,
            89.25,
            4.989460078737466,
            2.42121456
        ],
        "scatter": 0.2525642187360949,
        "n_used": 26071,
        "n_total": 27614,
        "exptime": 100,
        "filter": "m650"
    },
    "m675": {
        "intercept": 20.04474840490681,
        "coefficients": [
            -0.8491159684425231,
            0.0025477204969718207,
            -0.001574378967398043,
            -0.34585169517155023
        ],
        "medians": [
            0.45393696979373643,
            90.48,
            4.951214198983507,
            2.42718291
        ],
        "scatter": 0.24673047128347475,
        "n_used": 24485,
        "n_total": 26052,
        "exptime": 100,
        "filter": "m675"
    },
    "m700": {
        "intercept": 19.829972209021424,
        "coefficients": [
            -0.7267580601462037,
            0.002330489369925722,
            -0.004364290555782999,
            -0.38445583047064547
        ],
        "medians": [
            0.49306255958321654,
            89.11,
            4.9927720602136105,
            1.9865131200000001
        ],
        "scatter": 0.23827150539622838,
        "n_used": 25952,
        "n_total": 27457,
        "exptime": 100,
        "filter": "m700"
    },
    "m725": {
        "intercept": 19.483887716122474,
        "coefficients": [
            -0.5485536137850636,
            0.0016382879764213906,
            -0.003146678406550375,
            -0.39496890358395903
        ],